Transaction_ID,Date,Customer_ID,Region,Category,Qty,Price,Discount
TXN00334,2026-07-31,CUST0001,west,PHONES,9,326.51,0.16
TXN00858,2026-03-09,CUST0390,West,Laptops,8,1535.88,0.08
TXN00727,2026-06-09,CUST0312,SOUTH,PHONES,1,1167.93,0.21
TXN00150,2026-05-30,CUST0061,East,accessories,2,113.93,0.05
TXN00090,2026-11-03,CUST0283,north,accessories,8,60.95,0.06
TXN00569,2026-09-17,CUST0438,north,accessories,5,176.07,0.28
TXN00904,2026-10-03,CUST0338,East,PHONES,10,510.12,0.04
TXN00828,2026-05-03,CUST0165,west,ACCESSORIES,7,72.16,0.29
TXN00242,2026-12-06,CUST0362,West,Accessories,6,171.64,0.11
TXN00006,2026-09-27,CUST0052,SOUTH,laptops,10,2428.65,0.13
TXN00786,2026-12-21,CUST0401,East,ACCESSORIES,3,146.26,0.1
TXN00051,2026-09-07,CUST0163,NORTH,Accessories,9,24.26,0.27
TXN00032,2026-11-21,CUST0383,East,accessories,5,126.32,0.29
TXN00835,2026-08-09,CUST0408,SOUTH,LAPTOPS,,831.73,0.11
TXN00297,2026-12-16,CUST0041,West,laptops,3,1561.33,0.11
TXN00141,2026-08-27,CUST0236,SOUTH,Phones,8,1203.11,0.0
TXN00783,2026-05-09,CUST0154,NORTH,PHONES,6,800.26,0.13
TXN00350,2026-12-25,CUST0196,WEST,ACCESSORIES,8,46.85,0.17
TXN00508,2026-01-26,CUST0443,East,PHONES,,1274.74,0.22
TXN00192,2026-12-04,CUST0098,WEST,ACCESSORIES,6,156.39,0.2
TXN00757,2026-03-09,,NORTH,laptops,1,693.33,0.11
TXN00221,2026-09-14,CUST0277,WEST,LAPTOPS,4,1152.44,0.11
TXN00773,2026-02-28,CUST0152,east,PHONES,8,481.67,0.1
TXN00331,2026-07-22,CUST0412,EAST,ACCESSORIES,7,35.74,0.03
TXN00759,2026-12-12,CUST0422,WEST,Laptops,5,1572.14,0.11
TXN00587,2026-08-26,CUST0313,SOUTH,Phones,9,226.53,0.02
TXN00650,2026-10-03,CUST0253,NORTH,PHONES,1,648.13,0.07
TXN00529,2026-12-02,CUST0381,South,laptops,9,1406.29,0.27
TXN00601,2026-05-01,CUST0190,SOUTH,LAPTOPS,,1730.3,0.13
TXN00845,2026-08-21,CUST0142,EAST,phones,6,1278.02,0.04
TXN00311,2026-10-17,CUST0171,NORTH,LAPTOPS,,923.21,0.04
TXN00390,2026-11-02,CUST0446,EAST,Phones,10,1111.8,0.23
TXN00791,2026-01-14,CUST0409,WEST,Laptops,3,2215.81,0.2
TXN00789,2026-08-04,CUST0090,East,laptops,10,1215.48,0.04
TXN00291,2026-11-11,CUST0056,EAST,accessories,6,150.68,0.07
TXN00194,2026-09-03,CUST0330,north,Laptops,9,2065.45,0.02
TXN00728,2026-03-06,CUST0042,South,Accessories,8,139.36,0.04
TXN00540,2026-11-06,CUST0306,North,PHONES,6,895.38,0.14
TXN00822,2026-07-31,CUST0111,EAST,Accessories,9,159.69,0.27
TXN00497,2026-12-18,CUST0341,SOUTH,phones,6,637.6,0.29
TXN00382,2026-01-31,CUST0379,EAST,ACCESSORIES,7,26.33,0.04
TXN00758,2026-01-27,CUST0482,south,accessories,6,71.63,0.26
TXN00428,2026-06-29,CUST0337,North,PHONES,9,542.69,0.25
TXN00683,2026-11-15,CUST0433,west,accessories,4,30.83,0.23
TXN00006,2026-06-23,CUST0140,East,accessories,,124.71,0.09
TXN00211,2026-09-29,CUST0380,East,phones,7,398.55,0.01
TXN00703,2026-02-13,CUST0167,South,Phones,6,660.82,0.17
TXN00437,2026-08-01,CUST0339,east,Laptops,2,813.82,0.18
TXN00201,2026-12-08,CUST0348,West,PHONES,7,1029.44,0.15
TXN00018,2026-05-11,CUST0155,East,PHONES,,441.57,0.23
TXN00154,2026-10-14,CUST0195,west,PHONES,7,330.98,0.07
TXN00351,2026-08-08,CUST0472,EAST,phones,,635.78,0.09
TXN00426,2026-08-24,CUST0167,north,Accessories,,130.63,0.28
TXN00257,2026-06-23,CUST0269,EAST,phones,7,679.38,0.26
TXN00174,2026-11-27,CUST0100,west,Phones,2,1056.03,0.1
TXN00816,2026-11-18,CUST0390,West,laptops,3,704.61,0.02
TXN00397,2026-11-16,CUST0452,SOUTH,ACCESSORIES,8,152.34,0.19
TXN00102,2026-06-30,CUST0156,NORTH,phones,8,546.75,0.18
TXN00108,2026-02-16,CUST0147,EAST,accessories,1,67.98,0.26
TXN00861,2026-11-06,CUST0415,South,accessories,1,96.92,0.06
TXN00628,2026-09-16,CUST0429,south,ACCESSORIES,2,37.66,0.21
TXN00589,2026-05-25,CUST0313,East,laptops,8,994.49,0.11
TXN00114,2026-10-13,CUST0332,South,Accessories,1,156.15,0.1
TXN00429,2026-06-29,CUST0171,WEST,Accessories,10,56.88,0.2
TXN00504,2026-06-18,CUST0044,NORTH,PHONES,10,967.33,0.11
TXN00806,2026-07-05,CUST0344,NORTH,laptops,9,1904.66,0.11
TXN00378,2026-02-21,CUST0071,east,PHONES,8,1245.29,0.09
TXN00743,2026-07-12,CUST0449,south,accessories,1,167.67,0.04
TXN00035,2026-07-06,CUST0085,east,laptops,10,860.69,0.01
TXN00069,2026-08-29,CUST0123,SOUTH,Phones,8,870.65,0.24
TXN00120,2026-08-03,CUST0145,west,Phones,8,945.14,0.15
TXN00187,2026-02-22,CUST0247,West,laptops,,2101.52,0.17
TXN00355,2026-04-24,CUST0263,EAST,accessories,5,63.16,0.13
TXN00145,2026-04-25,CUST0121,west,ACCESSORIES,7,185.79,0.02
TXN00326,2026-08-30,,west,Laptops,6,2360.65,0.28
TXN00895,2026-11-08,CUST0111,north,laptops,,1437.22,0.16
TXN00099,2026-08-23,CUST0123,South,accessories,5,30.13,0.24
TXN00706,2026-05-30,CUST0264,EAST,LAPTOPS,,2172.38,0.22
TXN00092,2026-02-04,CUST0343,East,Accessories,7,125.81,0.29
TXN00165,2026-07-11,CUST0448,south,accessories,,105.39,0.19
TXN00712,2026-06-20,CUST0337,north,PHONES,6,216.87,0.23
TXN00913,2026-11-20,CUST0351,East,laptops,3,1203.6,0.21
TXN00495,2026-01-22,,east,laptops,,625.2,0.06
TXN00384,2026-07-02,CUST0019,WEST,phones,9,765.92,0.06
TXN00617,2026-07-17,CUST0205,NORTH,Laptops,6,1162.85,0.27
TXN00889,2026-11-05,CUST0043,east,phones,9,744.82,0.02
TXN00677,2026-03-27,CUST0157,south,laptops,6,1086.53,0.22
TXN00503,2026-01-30,CUST0223,west,ACCESSORIES,6,93.95,0.29
TXN00285,2026-08-13,CUST0074,NORTH,LAPTOPS,3,1774.03,0.2
TXN00517,2026-12-14,CUST0487,east,Laptops,6,633.47,0.18
TXN00745,2026-05-08,CUST0188,west,ACCESSORIES,10,79.68,0.19
TXN00502,2026-08-17,CUST0061,East,LAPTOPS,7,1970.35,0.08
TXN00158,2026-08-16,CUST0070,North,Phones,8,513.13,0.14
TXN00023,2026-03-22,CUST0282,NORTH,LAPTOPS,6,2434.12,0.27
TXN00873,2026-10-11,CUST0122,west,laptops,4,1516.51,0.01
TXN00516,2026-09-03,CUST0034,SOUTH,phones,10,1083.03,0.3
TXN00531,2026-12-15,CUST0163,South,accessories,2,155.14,0.13
TXN00252,2026-09-15,CUST0094,west,accessories,9,33.38,0.04
TXN00034,2026-09-23,CUST0364,EAST,Laptops,3,1535.2,0.28
TXN00028,2026-09-15,CUST0321,EAST,PHONES,9,474.67,0.16
TXN00892,2026-01-22,CUST0310,North,laptops,10,2382.21,0.28
TXN00263,2026-11-24,CUST0108,EAST,Laptops,10,589.92,0.12
TXN00196,2026-08-21,CUST0413,SOUTH,Laptops,5,2276.99,0.12
TXN00776,2026-06-13,CUST0175,north,LAPTOPS,8,618.83,0.09
TXN00199,2026-05-07,CUST0124,South,phones,9,342.84,0.08
TXN00837,2026-06-17,CUST0493,EAST,laptops,10,600.21,0.05
TXN00370,2026-07-21,CUST0451,West,phones,9,1038.43,0.01
TXN00560,2026-12-01,CUST0145,SOUTH,accessories,,192.67,0.26
TXN00148,2026-07-07,CUST0136,WEST,ACCESSORIES,7,110.97,0.23
TXN00403,2026-10-09,CUST0038,South,Laptops,6,601.32,0.14
TXN00929,2026-07-07,CUST0407,North,PHONES,2,947.44,0.17
TXN00214,2026-09-23,CUST0071,West,laptops,,1703.93,0.24
TXN00855,2026-06-03,CUST0164,east,ACCESSORIES,6,124.19,0.3
TXN00299,2026-02-26,,south,phones,10,1110.12,0.1
TXN00830,2026-10-24,CUST0136,North,Accessories,1,67.46,0.23
TXN00002,2026-12-15,CUST0318,north,Phones,9,255.49,0.11
TXN00932,2026-04-15,CUST0161,East,Phones,,828.83,0.12
TXN00718,2026-12-06,CUST0266,south,Accessories,1,156.24,0.1
TXN00829,2026-12-15,CUST0176,south,ACCESSORIES,8,80.6,0.2
TXN00558,2026-05-28,CUST0116,North,PHONES,5,731.6,0.29
TXN00080,2026-03-04,CUST0479,north,Phones,6,974.49,0.08
TXN00288,2026-02-10,CUST0412,South,accessories,6,179.19,0.01
TXN00077,2026-05-20,CUST0276,SOUTH,phones,4,920.57,0.17
TXN00166,2026-01-27,CUST0464,EAST,laptops,,1730.35,0.19
TXN00054,2026-12-01,CUST0282,South,LAPTOPS,,1159.59,0.05
TXN00856,2026-11-30,CUST0331,SOUTH,ACCESSORIES,5,132.6,0.23
TXN00618,2026-01-19,CUST0090,south,Phones,1,1011.56,0.25
TXN00298,2026-06-21,CUST0005,SOUTH,Accessories,5,44.4,0.18
TXN00064,2026-04-09,CUST0069,SOUTH,PHONES,8,1287.01,0.14
TXN00543,2026-10-18,CUST0008,west,LAPTOPS,5,823.99,0.24
TXN00170,2026-02-18,CUST0264,east,Phones,7,871.05,0.12
TXN00230,2026-06-18,CUST0121,east,laptops,1,1453.91,0.08
TXN00432,2026-03-23,CUST0032,North,PHONES,6,-994.17,0.14
TXN00652,2026-11-11,CUST0328,NORTH,Accessories,5,104.48,0.09
TXN00019,2026-08-30,CUST0311,West,Phones,8,1252.1,0.21
TXN00607,2026-07-05,CUST0042,NORTH,accessories,10,165.86,0.16
TXN00388,2026-09-24,CUST0275,North,LAPTOPS,9,723.42,0.1
TXN00017,2026-03-09,CUST0262,EAST,ACCESSORIES,8,138.26,0.02
TXN00030,2026-01-02,CUST0158,South,accessories,8,95.79,0.12
TXN00841,2026-08-30,CUST0031,North,Phones,2,279.33,0.02
TXN00888,2026-07-13,CUST0457,WEST,Laptops,7,1316.73,0.26
TXN00156,2026-10-03,CUST0441,EAST,Accessories,9,138.72,0.05
TXN00302,2026-08-06,CUST0153,south,Accessories,1,33.2,0.22
TXN00804,2026-02-27,CUST0097,South,accessories,6,165.44,0.22
TXN00595,2026-11-03,CUST0035,NORTH,Laptops,1,1337.48,0.01
TXN00881,2026-09-15,CUST0387,West,Laptops,4,1980.08,0.02
TXN00733,2026-06-04,CUST0396,West,PHONES,6,1096.36,0.1
TXN00179,2026-03-31,CUST0486,NORTH,laptops,5,1541.5,0.22
TXN00401,2026-06-03,CUST0164,south,Accessories,7,103.17,0.12
TXN00161,2026-01-30,CUST0363,east,Accessories,4,152.34,0.14
TXN00811,2026-08-19,CUST0131,South,accessories,3,192.88,0.19
TXN00212,2026-02-07,CUST0345,EAST,phones,1,788.2,0.01
TXN00484,2026-01-08,CUST0465,North,Phones,8,995.74,0.29
TXN00673,2026-05-03,CUST0357,West,Phones,8,1257.29,0.06
TXN00914,2026-09-12,CUST0158,west,accessories,9,156.35,0.15
TXN00018,2026-04-24,CUST0190,EAST,ACCESSORIES,6,161.54,0.01
TXN00907,2026-07-14,CUST0152,East,laptops,10,1020.55,0.1
TXN00890,2026-09-09,CUST0421,SOUTH,Phones,6,804.71,0.22
TXN00386,2026-11-25,CUST0251,east,ACCESSORIES,3,148.23,0.27
TXN00137,2026-02-04,CUST0212,south,Laptops,1,566.65,0.19
TXN00425,2026-12-04,CUST0342,East,laptops,1,936.44,0.27
TXN00755,2026-01-09,CUST0370,East,ACCESSORIES,,10.26,0.29
TXN00173,2026-11-14,CUST0050,north,accessories,3,137.07,0.07
TXN00093,2026-12-23,CUST0492,WEST,accessories,7,163.89,0.17
TXN00296,2026-11-23,CUST0195,WEST,Phones,1,951.45,0.14
TXN00207,2026-02-18,CUST0170,north,Laptops,7,841.77,0.26
TXN00124,2026-05-24,CUST0024,East,accessories,10,52.66,0.21
TXN00866,2026-12-31,CUST0107,North,accessories,,134.04,0.23
TXN00800,2026-07-16,CUST0200,EAST,Accessories,10,65.86,0.16
TXN00232,2026-11-06,CUST0224,north,laptops,,1947.33,0.02
TXN00726,2026-04-06,CUST0183,west,Accessories,8,14.63,0.11
TXN00151,2026-11-21,CUST0043,EAST,Accessories,4,155.71,0.11
TXN00777,2026-02-22,CUST0158,north,laptops,,1278.24,0.23
TXN00820,2026-02-17,,EAST,laptops,9,873.78,0.11
TXN00730,2026-10-20,CUST0287,South,phones,2,212.57,0.29
TXN00590,2026-05-22,CUST0253,east,accessories,5,139.21,0.05
TXN00490,2026-04-11,CUST0370,WEST,Accessories,5,101.0,0.18
TXN00596,2026-08-14,CUST0318,EAST,ACCESSORIES,7,-34.74,0.26
TXN00128,2026-09-03,CUST0165,South,phones,10,1096.02,0.21
TXN00073,2026-05-05,CUST0325,east,phones,5,1260.03,0.17
TXN00854,2026-04-03,CUST0289,South,phones,6,507.33,0.3
TXN00050,2026-07-29,CUST0150,East,accessories,4,190.07,0.02
TXN00031,2026-11-03,CUST0405,east,ACCESSORIES,3,129.33,0.13
TXN00720,2026-10-02,CUST0405,North,ACCESSORIES,7,85.15,0.21
TXN00562,2026-12-13,,EAST,LAPTOPS,6,2036.91,0.3
TXN00636,2026-10-25,CUST0114,west,Accessories,1,192.49,0.16
TXN00799,2026-02-23,CUST0078,SOUTH,Phones,10,610.53,0.01
TXN00117,2026-09-05,CUST0176,South,PHONES,3,1211.6,0.06
TXN00016,2026-01-12,,SOUTH,phones,8,306.39,0.21
TXN00440,2026-08-25,CUST0283,NORTH,phones,4,319.3,0.17
TXN00897,2026-10-31,CUST0378,South,Phones,7,891.74,0.06
TXN00405,2026-10-02,CUST0415,South,Accessories,5,9.85,0.17
TXN00020,2026-11-02,CUST0251,west,laptops,5,1150.97,0.19
TXN00328,2026-06-02,CUST0317,North,Accessories,6,83.58,0.2
TXN00089,2026-08-03,CUST0192,NORTH,LAPTOPS,5,766.9,0.15
TXN00771,2026-03-27,CUST0331,North,laptops,9,1266.42,0.05
TXN00838,2026-03-11,CUST0444,WEST,ACCESSORIES,8,35.66,0.0
TXN00365,2026-09-08,CUST0252,South,Phones,8,1259.21,0.25
TXN00629,2026-08-23,CUST0141,EAST,laptops,4,1629.8,0.09
TXN00149,2026-01-22,CUST0422,south,ACCESSORIES,5,106.05,0.16
TXN00824,2026-02-14,CUST0017,south,ACCESSORIES,4,50.52,0.1
TXN00649,2026-03-26,CUST0441,EAST,ACCESSORIES,10,156.37,0.19
TXN00696,2026-12-27,CUST0144,West,laptops,10,2126.06,0.05
TXN00790,2026-07-30,CUST0348,WEST,PHONES,9,829.01,0.04
TXN00104,2026-12-13,CUST0365,WEST,Laptops,3,2233.1,0.07
TXN00057,2026-02-17,CUST0039,SOUTH,Accessories,7,36.01,0.26
TXN00459,2026-02-17,CUST0250,south,Accessories,6,151.46,0.0
TXN00478,2026-04-19,CUST0204,NORTH,ACCESSORIES,2,135.19,0.13
TXN00005,2026-12-16,CUST0290,WEST,ACCESSORIES,9,70.34,0.24
TXN00203,2026-01-01,CUST0476,East,Laptops,,698.15,0.13
TXN00427,2026-07-04,CUST0478,West,Accessories,5,198.18,0.03
TXN00640,2026-04-30,CUST0321,EAST,PHONES,,608.03,0.21
TXN00555,2026-08-16,CUST0068,NORTH,Accessories,4,26.33,0.16
TXN00424,2026-02-22,CUST0245,East,Laptops,7,1890.19,0.11
TXN00122,2026-12-13,CUST0386,west,LAPTOPS,7,1234.12,0.19
TXN00177,2026-07-30,CUST0370,EAST,laptops,3,-1560.02,0.22
TXN00109,2026-03-13,CUST0197,West,ACCESSORIES,2,25.47,0.13
TXN00689,2026-01-14,CUST0312,WEST,Phones,10,908.08,0.28
TXN00669,2026-05-03,CUST0028,West,PHONES,7,768.52,0.24
TXN00631,2026-06-12,CUST0456,South,ACCESSORIES,10,30.42,0.3
TXN00105,2026-02-07,CUST0089,South,laptops,6,2220.63,0.29
TXN00185,2026-11-18,CUST0486,North,Laptops,1,634.07,0.15
TXN00283,2026-09-19,CUST0079,South,accessories,9,89.48,0.09
TXN00282,2026-01-30,CUST0224,east,Phones,2,789.03,0.25
TXN00926,2026-03-31,CUST0159,EAST,Phones,10,1216.09,0.2
TXN00633,2026-05-13,CUST0178,East,LAPTOPS,3,1914.8,0.23
TXN00456,2026-08-08,CUST0061,west,laptops,5,752.86,0.01
TXN00826,2026-09-13,CUST0255,south,PHONES,10,269.26,0.11
TXN00473,2026-01-23,CUST0060,west,laptops,10,813.62,0.15
TXN00578,2026-12-02,CUST0492,West,Laptops,3,590.96,0.17
TXN00859,2026-12-11,CUST0040,West,Accessories,6,70.14,0.04
TXN00600,2026-06-09,CUST0036,east,Laptops,1,945.37,0.26
TXN00128,2026-08-26,CUST0402,EAST,phones,4,-807.4,0.19
TXN00535,2026-01-04,CUST0280,North,phones,4,1268.04,0.07
TXN00853,2026-06-07,CUST0001,East,Accessories,1,53.27,0.11
TXN00067,2026-02-17,CUST0498,West,LAPTOPS,8,1558.63,0.21
TXN00461,2026-03-10,CUST0383,West,Laptops,6,2293.57,0.03
TXN00265,2026-07-21,CUST0134,EAST,Accessories,3,121.46,0.28
TXN00634,2026-03-26,CUST0395,west,phones,4,697.03,0.05
TXN00796,2026-03-03,CUST0107,SOUTH,ACCESSORIES,6,68.67,0.14
TXN00047,2026-12-31,CUST0428,east,LAPTOPS,,2114.19,0.04
TXN00880,2026-08-20,,west,Phones,5,634.87,0.12
TXN00450,2026-04-24,CUST0072,north,accessories,2,113.52,0.02
TXN00653,2026-02-03,CUST0133,West,laptops,2,2146.35,0.02
TXN00809,2026-10-21,CUST0483,NORTH,Phones,6,686.77,0.05
TXN00807,2026-08-17,CUST0110,north,Accessories,7,-84.05,0.08
TXN00098,2026-05-24,CUST0452,East,laptops,5,1727.21,0.02
TXN00398,2026-07-15,CUST0411,east,Accessories,9,88.65,0.01
TXN00875,2026-11-02,CUST0199,SOUTH,phones,10,797.97,0.01
TXN00496,2026-04-30,CUST0242,East,Phones,1,1184.34,0.23
TXN00580,2026-04-23,CUST0470,EAST,laptops,9,994.71,0.23
TXN00290,2026-07-03,CUST0304,west,Accessories,3,186.69,0.22
TXN00950,2026-09-10,CUST0486,north,Laptops,10,1900.12,0.3
TXN00483,2026-06-19,,WEST,accessories,1,-42.36,0.14
TXN00404,2026-02-26,CUST0076,east,Phones,,573.83,0.28
TXN00468,2026-03-22,CUST0173,west,accessories,7,191.51,0.04
TXN00045,2026-07-02,CUST0288,NORTH,Accessories,3,191.53,0.28
TXN00477,2026-12-26,CUST0151,NORTH,Phones,5,846.85,0.22
TXN00621,2026-06-19,CUST0290,North,Accessories,10,15.15,0.15
TXN00646,2026-08-17,CUST0344,West,LAPTOPS,2,1192.62,0.27
TXN00602,2026-08-13,CUST0056,WEST,Laptops,6,918.37,0.01
TXN00375,2026-10-23,CUST0193,east,Accessories,7,177.06,0.14
TXN00248,2026-06-25,CUST0164,east,Phones,1,695.42,0.03
TXN00139,2026-08-09,CUST0315,South,laptops,2,820.81,0.21
TXN00448,2026-10-04,CUST0499,North,laptops,2,2278.51,0.21
TXN00721,2026-07-04,CUST0282,NORTH,PHONES,1,508.68,0.05
TXN00648,2026-05-30,,South,Laptops,10,674.26,0.05
TXN00058,2026-10-06,CUST0459,SOUTH,LAPTOPS,7,2186.54,0.03
TXN00186,2026-05-18,CUST0135,east,Accessories,3,79.49,0.08
TXN00222,2026-10-29,CUST0414,east,Laptops,2,2003.47,0.29
TXN00452,2026-10-21,CUST0275,south,Phones,9,266.08,0.28
TXN00949,2026-11-14,CUST0462,SOUTH,Phones,1,527.74,0.17
TXN00539,2026-02-10,CUST0414,EAST,laptops,3,2397.51,0.01
TXN00007,2026-02-14,CUST0467,West,Accessories,10,198.48,0.24
TXN00175,2026-11-16,CUST0470,south,Accessories,5,84.5,0.24
TXN00260,2026-02-24,CUST0389,South,accessories,10,30.38,0.03
TXN00475,2026-01-20,CUST0336,WEST,LAPTOPS,7,2233.95,0.18
TXN00190,2026-01-26,CUST0456,WEST,laptops,,1304.95,0.21
TXN00458,2026-02-20,CUST0432,WEST,ACCESSORIES,5,-179.44,0.21
TXN00273,2026-08-15,CUST0214,east,Phones,6,529.53,0.03
TXN00178,2026-12-30,CUST0264,South,Phones,6,1014.04,0.02
TXN00815,2026-01-30,CUST0099,South,accessories,,34.77,0.06
TXN00062,2026-03-05,CUST0422,East,Phones,4,701.09,0.12
TXN00155,2026-03-25,CUST0243,West,Laptops,3,1243.93,0.1
TXN00630,2026-04-20,CUST0084,north,PHONES,1,1112.96,0.23
TXN00760,2026-01-05,CUST0443,NORTH,Phones,7,446.62,0.23
TXN00039,2026-12-30,CUST0312,east,ACCESSORIES,1,132.0,0.09
TXN00481,2026-11-16,CUST0239,South,PHONES,8,1184.03,0.16
TXN00876,2026-02-25,CUST0305,North,Accessories,6,28.44,0.09
TXN00193,2026-11-30,CUST0134,EAST,ACCESSORIES,6,72.89,0.29
TXN00711,2026-06-13,CUST0411,West,PHONES,1,363.92,0.12
TXN00534,2026-10-26,CUST0215,north,laptops,5,549.91,0.22
TXN00833,2026-09-17,CUST0244,west,Phones,9,998.2,0.2
TXN00908,2026-10-14,CUST0242,east,PHONES,3,1123.7,0.08
TXN00691,2026-06-19,CUST0382,NORTH,laptops,4,2298.18,0.13
TXN00525,2026-11-14,CUST0444,WEST,phones,2,843.13,0.17
TXN00086,2026-03-12,CUST0212,SOUTH,LAPTOPS,7,2277.85,0.26
TXN00189,2026-09-07,CUST0442,west,Phones,8,649.11,0.23
TXN00844,2026-10-23,CUST0141,NORTH,phones,,1284.3,0.23
TXN00528,2026-09-02,CUST0325,SOUTH,laptops,3,2069.42,0.13
TXN00941,2026-04-08,CUST0457,East,Accessories,6,16.17,0.25
TXN00586,2026-09-15,CUST0177,NORTH,Laptops,4,507.25,0.03
TXN00708,2026-12-18,CUST0267,east,PHONES,5,270.82,0.1
TXN00505,2026-04-27,CUST0465,west,laptops,4,2491.28,0.12
TXN00065,2026-01-20,CUST0087,north,Phones,1,1282.37,0.21
TXN00679,2026-01-11,CUST0025,NORTH,Accessories,1,57.6,0.2
TXN00831,2026-12-18,CUST0243,north,Laptops,2,730.58,0.06
TXN00537,2026-02-23,CUST0311,WEST,Laptops,9,1340.74,0.13
TXN00832,2026-09-25,CUST0312,north,accessories,2,126.36,0.08
TXN00903,2026-06-19,CUST0467,west,Phones,1,972.78,0.28
TXN00767,2026-09-19,CUST0343,East,Phones,2,213.02,0.28
TXN00021,2026-03-31,CUST0152,north,LAPTOPS,4,1946.15,0.02
TXN00036,2026-01-05,CUST0049,WEST,Laptops,7,1219.43,0.27
TXN00615,2026-06-25,CUST0138,NORTH,laptops,8,1793.4,0.03
TXN00180,2026-11-29,CUST0354,EAST,laptops,5,1300.56,0.24
TXN00027,2026-12-14,CUST0467,EAST,laptops,3,764.02,0.24
TXN00396,2026-03-08,CUST0351,east,ACCESSORIES,,125.15,0.22
TXN00616,2026-12-14,CUST0336,SOUTH,ACCESSORIES,1,30.46,0.21
TXN00046,2026-12-05,CUST0353,north,accessories,6,118.56,0.03
TXN00638,2026-01-28,CUST0424,SOUTH,Phones,7,579.32,0.3
TXN00130,2026-06-14,CUST0446,NORTH,Laptops,8,2367.74,0.23
TXN00500,2026-08-24,CUST0194,west,Phones,4,1266.16,0.07
TXN00945,2026-07-26,CUST0255,North,ACCESSORIES,8,94.14,0.01
TXN00642,2026-09-18,CUST0494,East,Accessories,2,-114.85,0.09
TXN00457,2026-06-19,CUST0028,West,accessories,6,133.37,0.25
TXN00329,2026-01-02,CUST0059,North,accessories,6,122.99,0.2
TXN00233,2026-03-26,CUST0192,west,phones,5,1111.87,0.01
TXN00883,2026-07-21,CUST0313,east,ACCESSORIES,7,165.15,0.04
TXN00195,2026-12-11,,SOUTH,Phones,6,1106.01,0.19
TXN00933,2026-10-11,,SOUTH,LAPTOPS,9,1413.78,0.22
TXN00623,2026-07-18,CUST0089,North,Accessories,3,100.76,0.04
TXN00443,2026-06-25,CUST0391,south,phones,10,1168.53,0.12
TXN00928,2026-10-08,CUST0384,SOUTH,PHONES,10,1084.28,0.25
TXN00237,2026-12-11,CUST0320,north,phones,4,1009.5,0.21
TXN00192,2026-06-30,CUST0327,north,laptops,9,1799.17,0.03
TXN00794,2026-08-05,CUST0458,SOUTH,accessories,7,119.73,0.09
TXN00056,2026-05-27,CUST0103,south,Laptops,1,711.94,0.24
TXN00604,2026-02-22,,east,PHONES,5,1122.32,0.24
TXN00344,2026-12-07,CUST0408,West,accessories,4,150.06,0.09
TXN00494,2026-11-14,,South,Laptops,6,1274.11,0.08
TXN00639,2026-04-10,CUST0280,West,ACCESSORIES,6,182.18,0.06
TXN00722,2026-08-08,CUST0377,SOUTH,PHONES,3,394.17,0.11
TXN00538,2026-03-20,CUST0239,south,PHONES,,489.66,0.05
TXN00014,2026-07-03,CUST0155,North,phones,10,254.94,0.17
TXN00583,2026-10-02,CUST0403,north,LAPTOPS,3,1134.72,0.12
TXN00319,2026-09-29,CUST0151,EAST,Accessories,6,75.39,0.23
TXN00817,2026-11-11,CUST0178,south,ACCESSORIES,1,165.5,0.27
TXN00240,2026-09-22,CUST0277,East,Phones,2,949.81,0.01
TXN00085,2026-02-19,CUST0334,south,phones,1,1082.1,0.15
TXN00208,2026-02-23,CUST0397,south,laptops,4,1565.41,0.21
TXN00766,2026-01-13,CUST0482,south,Phones,7,1110.62,0.21
TXN00343,2026-04-27,CUST0129,north,ACCESSORIES,1,72.03,0.17
TXN00173,2026-11-25,CUST0200,South,PHONES,7,625.84,0.16
TXN00402,2026-06-04,CUST0258,north,LAPTOPS,2,1670.22,0.24
TXN00015,2026-03-11,CUST0016,WEST,LAPTOPS,7,2029.55,0.16
TXN00632,2026-11-28,CUST0469,south,Accessories,5,65.05,0.26
TXN00224,2026-02-13,CUST0294,East,phones,,807.88,0.16
TXN00561,2026-03-24,CUST0464,West,PHONES,6,1022.13,0.15
TXN00361,2026-10-09,CUST0410,West,laptops,2,1732.77,0.02
TXN00250,2026-06-19,CUST0102,NORTH,ACCESSORIES,2,113.44,0.15
TXN00879,2026-06-18,CUST0461,east,phones,5,937.43,0.15
TXN00010,2026-05-07,CUST0491,north,PHONES,6,841.59,0.0
TXN00280,2026-08-17,CUST0376,north,Phones,6,1012.8,0.14
TXN00276,2026-10-03,CUST0144,WEST,phones,10,734.67,0.04
TXN00056,2026-10-25,CUST0435,WEST,Phones,2,1005.9,0.01
TXN00376,2026-07-07,CUST0277,North,Accessories,5,-49.42,0.23
TXN00613,2026-09-15,CUST0257,West,Accessories,5,178.37,0.12
TXN00181,2026-04-02,CUST0388,NORTH,Laptops,10,976.76,0.13
TXN00625,2026-04-30,CUST0250,north,laptops,1,1963.01,0.08
TXN00681,2026-11-29,CUST0470,NORTH,Laptops,6,912.55,0.01
TXN00710,2026-07-12,CUST0135,EAST,phones,5,973.11,0.17
TXN00467,2026-07-27,CUST0193,west,Accessories,2,120.66,0.07
TXN00011,2026-02-09,CUST0452,west,phones,,734.55,0.05
TXN00894,2026-08-01,CUST0368,NORTH,accessories,3,62.35,0.2
TXN00300,2026-05-05,CUST0083,north,phones,8,323.67,0.12
TXN00200,2026-04-03,CUST0294,east,Laptops,,1645.97,0.05
TXN00514,2026-02-13,CUST0373,South,accessories,1,122.88,0.09
TXN00694,2026-10-26,CUST0426,SOUTH,Phones,8,866.18,0.04
TXN00032,2026-07-17,CUST0306,North,laptops,6,1818.3,0.07
TXN00415,2026-09-01,CUST0424,EAST,laptops,9,532.13,0.03
TXN00511,2026-12-14,CUST0462,south,Laptops,8,1505.66,0.25
TXN00278,2026-07-15,CUST0481,south,Accessories,9,88.93,0.24
TXN00840,2026-02-12,CUST0069,North,phones,10,1084.08,0.23
TXN00701,2026-03-02,CUST0381,North,PHONES,,1163.44,0.17
TXN00671,2026-05-10,CUST0055,East,accessories,6,80.26,0.2
TXN00802,2026-10-13,CUST0204,south,PHONES,5,664.92,0.12
TXN00507,2026-03-12,CUST0296,east,ACCESSORIES,5,79.34,0.21
TXN00362,2026-10-09,CUST0261,north,LAPTOPS,3,958.54,0.1
TXN00079,2026-02-02,CUST0242,east,Laptops,2,1277.21,0.13
TXN00356,2026-12-31,CUST0206,West,PHONES,7,606.92,0.16
TXN00821,2026-01-18,CUST0477,east,Laptops,4,1779.58,0.09
TXN00847,2026-05-22,,south,accessories,1,141.71,0.05
TXN00867,2026-10-09,CUST0378,west,Accessories,4,136.24,0.28
TXN00660,2026-04-10,CUST0418,north,PHONES,6,1111.74,0.18
TXN00042,2026-03-01,CUST0287,South,ACCESSORIES,7,118.23,0.09
TXN00162,2026-05-05,CUST0227,WEST,accessories,10,175.46,0.17
TXN00582,2026-04-23,CUST0133,SOUTH,phones,1,948.75,0.19
TXN00491,2026-07-24,CUST0427,west,Phones,,652.67,0.09
TXN00140,2026-12-16,CUST0458,EAST,phones,6,809.01,0.05
TXN00486,2026-11-13,CUST0106,SOUTH,Phones,4,1009.82,0.25
TXN00947,2026-10-05,CUST0340,east,phones,2,1055.83,0.0
TXN00366,2026-09-19,CUST0252,SOUTH,Laptops,10,1241.39,0.23
TXN00793,2026-09-15,CUST0217,South,PHONES,1,443.3,0.16
TXN00810,2026-01-05,CUST0358,South,phones,8,1145.44,0.09
TXN00141,2026-05-02,CUST0442,NORTH,Laptops,6,920.5,0.16
TXN00698,2026-07-06,CUST0108,SOUTH,PHONES,3,1253.38,0.23
TXN00321,2026-05-01,CUST0417,WEST,Accessories,10,94.64,0.08
TXN00140,2026-11-19,CUST0005,South,accessories,3,171.7,0.15
TXN00267,2026-12-20,CUST0440,south,accessories,5,145.91,0.12
TXN00451,2026-10-13,CUST0172,East,laptops,2,929.93,0.11
TXN00393,2026-05-26,CUST0295,west,PHONES,10,220.82,0.16
TXN00931,2026-03-16,CUST0196,west,phones,8,939.51,0.14
TXN00327,2026-06-25,CUST0435,NORTH,laptops,10,2114.43,0.02
TXN00127,2026-07-05,CUST0203,west,Phones,5,547.57,0.13
TXN00455,2026-12-25,CUST0121,SOUTH,accessories,1,87.66,0.28
TXN00133,2026-07-23,CUST0243,West,LAPTOPS,2,832.82,0.01
TXN00818,2026-05-26,CUST0454,EAST,accessories,2,28.75,0.07
TXN00476,2026-09-01,CUST0340,NORTH,ACCESSORIES,,33.02,0.27
TXN00381,2026-08-22,CUST0358,south,ACCESSORIES,3,186.62,0.18
TXN00082,2026-07-07,CUST0117,south,Accessories,6,130.56,0.13
TXN00019,2026-10-01,CUST0435,WEST,Accessories,9,-38.59,0.09
TXN00281,2026-04-29,CUST0393,north,Laptops,8,2343.18,0.09
TXN00665,2026-07-19,CUST0128,south,Laptops,9,1246.29,0.22
TXN00259,2026-12-17,CUST0410,West,Accessories,4,58.97,0.24
TXN00369,2026-02-26,CUST0437,WEST,PHONES,5,912.3,0.04
TXN00418,2026-01-12,CUST0010,North,ACCESSORIES,8,95.03,0.29
TXN00314,2026-04-22,CUST0120,EAST,laptops,8,1063.23,0.0
TXN00509,2026-03-16,,South,phones,6,541.73,0.02
TXN00387,2026-01-07,CUST0459,WEST,Laptops,8,2050.31,0.25
TXN00163,2026-02-18,CUST0018,north,LAPTOPS,8,996.92,0.22
TXN00305,2026-10-09,CUST0082,NORTH,accessories,5,195.6,0.01
TXN00287,2026-02-27,CUST0027,EAST,accessories,4,57.13,0.07
TXN00775,2026-01-22,CUST0203,NORTH,Phones,5,-676.58,0.0
TXN00877,2026-11-17,CUST0256,north,ACCESSORIES,2,122.28,0.19
TXN00444,2026-10-13,CUST0065,East,Laptops,9,1210.04,0.1
TXN00738,2026-12-28,CUST0069,SOUTH,phones,7,-1005.51,0.01
TXN00069,2026-05-21,CUST0279,south,ACCESSORIES,4,65.0,0.22
TXN00471,2026-11-23,CUST0278,east,accessories,5,22.09,0.0
TXN00717,2026-02-02,CUST0398,South,accessories,10,148.39,0.1
TXN00435,2026-02-26,CUST0145,South,accessories,9,45.08,0.19
TXN00532,2026-02-20,CUST0017,south,LAPTOPS,3,1816.78,0.15
TXN00751,2026-04-24,CUST0360,North,Laptops,8,1782.5,0.01
TXN00588,2026-02-01,CUST0427,East,LAPTOPS,8,2359.42,0.24
TXN00238,2026-01-21,CUST0030,south,phones,6,1016.83,0.08
TXN00266,2026-04-09,CUST0372,WEST,LAPTOPS,9,654.87,0.12
TXN00464,2026-11-23,CUST0286,NORTH,accessories,3,56.26,0.03
TXN00412,2026-12-03,CUST0093,NORTH,phones,2,703.59,0.15
TXN00091,2026-07-10,CUST0282,south,laptops,6,2495.87,0.1
TXN00924,2026-05-11,CUST0280,NORTH,Accessories,10,90.81,0.23
TXN00148,2026-06-04,,SOUTH,phones,1,691.25,0.04
TXN00399,2026-10-11,CUST0421,WEST,Laptops,,2467.79,0.25
TXN00055,2026-10-26,CUST0183,south,accessories,,117.43,0.08
TXN00545,2026-06-16,CUST0470,West,Phones,10,480.87,0.02
TXN00887,2026-10-23,CUST0049,east,ACCESSORIES,10,101.77,0.09
TXN00118,2026-03-03,CUST0419,EAST,Accessories,6,157.22,0.28
TXN00734,2026-01-22,CUST0324,north,Phones,1,917.06,0.09
TXN00353,2026-08-17,CUST0345,south,phones,4,820.4,0.12
TXN00336,2026-01-26,CUST0173,EAST,accessories,7,51.2,0.17
TXN00912,2026-04-12,CUST0067,South,accessories,7,58.89,0.14
TXN00125,2026-08-09,CUST0269,South,ACCESSORIES,10,132.93,0.02
TXN00576,2026-12-02,CUST0179,NORTH,phones,7,1215.55,0.1
TXN00819,2026-04-13,,WEST,Laptops,8,837.51,0.25
TXN00523,2026-05-28,CUST0125,east,phones,2,1032.51,0.28
TXN00357,2026-04-15,CUST0170,west,Laptops,8,1886.59,0.16
TXN00368,2026-07-12,CUST0073,south,accessories,10,151.57,0.2
TXN00782,2026-01-05,CUST0317,East,accessories,4,57.54,0.14
TXN00295,2026-07-17,CUST0010,South,LAPTOPS,6,1819.75,0.27
TXN00136,2026-09-14,CUST0306,South,Phones,6,758.39,0.06
TXN00752,2026-03-22,CUST0157,south,ACCESSORIES,4,-185.01,0.12
TXN00213,2026-05-12,CUST0257,west,Laptops,5,1867.62,0.02
TXN00572,2026-07-15,CUST0460,East,Accessories,4,188.39,0.04
TXN00038,2026-11-06,CUST0294,NORTH,accessories,4,125.37,0.29
TXN00394,2026-06-08,CUST0351,SOUTH,phones,3,795.46,0.26
TXN00436,2026-10-13,CUST0290,east,accessories,3,90.71,0.1
TXN00573,2026-07-30,CUST0392,north,accessories,3,31.49,0.29
TXN00870,2026-11-10,CUST0097,SOUTH,PHONES,5,1019.17,0.06
TXN00126,2026-09-02,CUST0014,North,PHONES,4,822.75,0.21
TXN00024,2026-04-09,CUST0199,south,laptops,6,2191.28,0.04
TXN00013,2026-04-15,CUST0114,East,Phones,5,648.45,0.3
TXN00667,2026-08-07,CUST0167,east,LAPTOPS,10,2353.21,0.27
TXN00102,2026-09-26,CUST0481,East,Accessories,6,124.51,0.18
TXN00526,2026-01-21,CUST0126,south,Laptops,1,717.63,0.12
TXN00116,2026-05-27,CUST0226,South,accessories,1,107.06,0.09
TXN00695,2026-08-20,CUST0463,east,ACCESSORIES,1,89.27,0.25
TXN00345,2026-06-15,CUST0357,north,LAPTOPS,10,1500.32,0.12
TXN00121,2026-12-31,CUST0047,East,ACCESSORIES,4,42.99,0.21
TXN00385,2026-09-19,CUST0044,north,laptops,8,1965.52,0.12
TXN00488,2026-03-25,CUST0290,South,laptops,3,1599.69,0.26
TXN00420,2026-04-03,CUST0394,east,laptops,5,2037.31,0.09
TXN00048,2026-01-03,CUST0255,east,LAPTOPS,,-2419.87,0.16
TXN00172,2026-10-08,CUST0041,West,ACCESSORIES,8,50.21,0.0
TXN00318,2026-03-16,CUST0076,North,PHONES,,890.5,0.1
TXN00325,2026-03-24,CUST0026,NORTH,Laptops,6,1655.19,0.3
TXN00612,2026-07-04,CUST0091,North,PHONES,10,926.02,0.22
TXN00264,2026-05-30,CUST0389,EAST,Laptops,7,2036.02,0.17
TXN00146,2026-01-30,CUST0269,east,ACCESSORIES,6,32.18,0.06
TXN00044,2026-12-28,CUST0353,North,LAPTOPS,2,1958.46,0.24
TXN00338,2026-10-16,CUST0320,South,PHONES,9,868.73,0.04
TXN00087,2026-01-01,CUST0120,south,ACCESSORIES,3,147.55,0.29
TXN00377,2026-10-14,CUST0213,East,LAPTOPS,4,1428.77,0.1
TXN00408,2026-01-04,CUST0158,East,Phones,5,903.68,0.16
TXN00492,2026-06-23,CUST0015,NORTH,LAPTOPS,10,1165.57,0.06
TXN00462,2026-06-21,CUST0236,SOUTH,ACCESSORIES,8,160.48,0.16
TXN00407,2026-01-10,CUST0372,South,ACCESSORIES,9,185.28,0.17
TXN00592,2026-07-12,CUST0077,North,Phones,6,953.04,0.01
TXN00262,2026-06-11,CUST0401,east,accessories,10,117.49,0.21
TXN00922,2026-06-04,CUST0425,WEST,Laptops,4,1326.74,0.06
TXN00346,2026-09-14,CUST0228,EAST,laptops,4,-1247.43,0.24
TXN00510,2026-09-22,CUST0168,West,laptops,9,1179.23,0.26
TXN00227,2026-11-01,CUST0160,West,laptops,9,1948.14,0.21
TXN00239,2026-06-09,CUST0382,west,LAPTOPS,9,1432.75,0.17
TXN00330,2026-03-22,CUST0226,west,Phones,9,419.61,0.08
TXN00606,2026-03-14,CUST0278,EAST,PHONES,9,215.78,0.1
TXN00713,2026-08-30,CUST0277,North,PHONES,10,468.31,0.04
TXN00294,2026-12-20,CUST0306,EAST,Laptops,7,1266.2,0.19
TXN00312,2026-08-27,CUST0344,North,ACCESSORIES,4,76.57,0.02
TXN00868,2026-08-27,CUST0159,EAST,laptops,8,2124.7,0.21
TXN00416,2026-12-07,CUST0187,West,ACCESSORIES,10,189.02,0.21
TXN00309,2026-06-28,CUST0246,west,phones,8,-697.61,0.05
TXN00179,2026-08-25,CUST0333,south,laptops,2,704.86,0.09
TXN00735,2026-12-22,CUST0247,North,Accessories,9,87.55,0.1
TXN00431,2026-10-21,CUST0343,South,Accessories,4,116.77,0.28
TXN00943,2026-02-05,CUST0228,EAST,ACCESSORIES,9,121.51,0.29
TXN00605,2026-03-13,CUST0331,NORTH,LAPTOPS,7,2127.13,0.03
TXN00303,2026-06-12,CUST0296,east,Laptops,5,1820.76,0.06
TXN00768,2026-01-05,CUST0469,North,PHONES,7,1072.78,0.03
TXN00335,2026-10-14,CUST0282,South,accessories,1,170.05,0.0
TXN00419,2026-07-15,CUST0303,EAST,phones,4,1146.37,0.1
TXN00317,2026-07-04,CUST0097,South,Accessories,3,91.69,0.25
TXN00878,2026-09-07,CUST0037,east,Accessories,3,63.81,0.04
TXN00843,2026-08-06,CUST0458,east,Accessories,7,25.09,0.18
TXN00128,2026-10-23,CUST0116,SOUTH,laptops,8,1517.83,0.18
TXN00549,2026-10-18,CUST0296,north,ACCESSORIES,7,53.98,0.29
TXN00801,2026-05-24,CUST0375,north,ACCESSORIES,2,79.03,0.26
TXN00619,2026-02-09,CUST0323,south,ACCESSORIES,2,23.86,0.29
TXN00780,2026-08-29,CUST0006,North,accessories,6,68.37,0.15
TXN00373,2026-06-05,CUST0019,South,phones,5,587.21,0.18
TXN00202,2026-05-27,CUST0150,East,PHONES,,891.23,0.19
TXN00533,2026-01-08,CUST0316,EAST,ACCESSORIES,5,33.1,0.26
TXN00002,2026-12-25,CUST0190,North,LAPTOPS,3,848.23,0.08
TXN00548,2026-03-20,CUST0044,SOUTH,Phones,1,397.89,0.18
TXN00626,2026-06-26,CUST0086,South,ACCESSORIES,8,155.37,0.22
TXN00261,2026-09-30,CUST0205,NORTH,Laptops,1,1027.79,0.14
TXN00723,2026-08-18,CUST0446,South,Phones,5,950.86,0.09
TXN00915,2026-08-10,CUST0273,NORTH,Accessories,1,68.98,0.29
TXN00654,2026-05-04,CUST0201,west,PHONES,5,496.36,0.2
TXN00524,2026-01-07,CUST0006,south,Phones,3,570.15,0.25
TXN00447,2026-11-14,CUST0146,EAST,Accessories,6,108.8,0.01
TXN00682,2026-02-14,CUST0327,East,LAPTOPS,4,2376.01,0.29
TXN00354,2026-05-10,CUST0095,South,laptops,10,1811.79,0.21
TXN00445,2026-12-08,CUST0142,SOUTH,PHONES,8,925.53,0.21
TXN00939,2026-05-16,CUST0171,WEST,phones,1,377.16,0.08
TXN00021,2026-10-04,CUST0092,SOUTH,laptops,4,637.8,0.03
TXN00663,2026-05-09,,West,Accessories,8,125.65,0.02
TXN00885,2026-06-18,CUST0341,East,ACCESSORIES,1,179.34,0.05
TXN00684,2026-02-05,CUST0207,North,Accessories,8,9.7,0.23
TXN00644,2026-12-16,CUST0275,West,accessories,8,9.63,0.11
TXN00029,2026-08-24,CUST0437,South,PHONES,2,259.71,0.02
TXN00340,2026-11-19,CUST0154,NORTH,PHONES,7,422.43,0.27
TXN00761,2026-05-03,,SOUTH,phones,4,292.35,0.3
TXN00410,2026-01-09,CUST0495,South,ACCESSORIES,5,20.97,0.13
TXN00930,2026-08-23,CUST0109,west,Laptops,1,611.11,0.2
TXN00360,2026-11-13,CUST0073,east,accessories,,149.8,0.01
TXN00608,2026-08-22,CUST0464,West,Laptops,3,1901.59,0.24
TXN00072,2026-04-14,CUST0410,North,laptops,2,626.92,0.02
TXN00756,2026-06-14,CUST0500,west,Accessories,7,163.19,0.16
TXN00337,2026-10-11,CUST0388,East,Phones,2,851.39,0.21
TXN00860,2026-03-22,CUST0434,SOUTH,laptops,3,986.29,0.11
TXN00198,2026-09-01,CUST0304,SOUTH,Laptops,2,-660.45,0.12
TXN00025,2026-11-02,CUST0481,West,laptops,8,785.18,0.21
TXN00229,2026-09-29,CUST0003,north,laptops,5,1498.78,0.06
TXN00234,2026-05-22,CUST0238,North,LAPTOPS,9,1222.8,0.2
TXN00313,2026-11-27,CUST0082,West,Laptops,8,724.36,0.01
TXN00359,2026-01-27,CUST0389,WEST,phones,10,429.55,0.03
TXN00472,2026-10-24,CUST0459,east,accessories,9,-39.03,0.13
TXN00205,2026-07-31,CUST0057,South,phones,6,417.63,0.03
TXN00228,2026-11-09,CUST0456,South,Phones,10,1179.5,0.06
TXN00482,2026-01-17,CUST0500,east,ACCESSORIES,4,82.59,0.1
TXN00040,2026-11-06,CUST0390,WEST,Laptops,8,772.0,0.27
TXN00392,2026-09-25,CUST0438,NORTH,laptops,10,2404.52,0.12
TXN00111,2026-06-17,CUST0220,West,ACCESSORIES,,121.4,0.07
TXN00921,2026-01-21,,North,Accessories,3,51.26,0.29
TXN00900,2026-08-20,CUST0415,north,ACCESSORIES,9,-155.04,0.25
TXN00764,2026-02-16,CUST0068,West,ACCESSORIES,7,24.79,0.07
TXN00422,2026-08-26,CUST0383,SOUTH,Laptops,8,1837.07,0.29
TXN00341,2026-02-06,CUST0361,north,laptops,6,1309.72,0.26
TXN00184,2026-04-17,CUST0358,north,Accessories,7,-72.25,0.16
TXN00026,2026-02-26,CUST0466,North,LAPTOPS,1,2260.69,0.27
TXN00423,2026-04-15,CUST0287,west,Accessories,6,97.42,0.17
TXN00182,2026-04-18,CUST0386,west,laptops,8,976.27,0.29
TXN00167,2026-09-14,CUST0033,west,Phones,7,586.98,0.14
TXN00744,2026-12-21,CUST0232,EAST,accessories,9,98.33,0.24
TXN00724,2026-02-25,CUST0092,West,LAPTOPS,2,2282.81,0.29
TXN00742,2026-08-02,CUST0267,WEST,laptops,3,723.05,0.01
TXN00574,2026-09-24,,east,accessories,1,99.04,0.24
TXN00848,2026-08-16,CUST0341,South,phones,6,835.58,0.25
TXN00106,2026-05-28,CUST0134,WEST,ACCESSORIES,5,116.78,0.11
TXN00754,2026-03-31,CUST0083,east,Laptops,3,1205.24,0.09
TXN00772,2026-10-15,CUST0226,east,laptops,6,974.81,0.06
TXN00367,2026-01-13,CUST0500,NORTH,Laptops,6,1132.89,0.09
TXN00693,2026-06-19,CUST0497,SOUTH,Accessories,6,155.02,0.29
TXN00374,2026-08-15,CUST0410,SOUTH,PHONES,10,1184.58,0.27
TXN00316,2026-11-13,CUST0283,north,phones,1,322.55,0.01
TXN00043,2026-05-23,CUST0299,SOUTH,Phones,10,592.13,0.23
TXN00131,2026-11-06,CUST0202,East,Phones,2,290.95,0.1
TXN00441,2026-05-26,CUST0219,East,accessories,3,181.6,0.11
TXN00152,2026-08-01,CUST0373,west,phones,9,537.89,0.22
TXN00566,2026-02-14,CUST0213,WEST,ACCESSORIES,7,40.12,0.18
TXN00597,2026-07-12,CUST0034,West,laptops,9,1105.46,0.18
TXN00658,2026-03-12,CUST0237,East,LAPTOPS,7,1317.92,0.23
TXN00037,2026-09-10,CUST0424,east,Phones,,1114.51,0.18
TXN00559,2026-08-30,CUST0154,north,accessories,1,-97.06,0.25
TXN00153,2026-05-22,CUST0353,NORTH,LAPTOPS,3,1830.83,0.01
TXN00753,2026-12-22,CUST0445,EAST,ACCESSORIES,8,122.79,0.21
TXN00863,2026-12-21,CUST0030,west,LAPTOPS,5,1524.05,0.14
TXN00045,2026-09-29,CUST0490,west,laptops,7,825.62,0.09
TXN00942,2026-12-17,CUST0086,south,LAPTOPS,2,886.63,0.26
TXN00438,2026-09-23,CUST0181,WEST,PHONES,2,952.99,0.0
TXN00565,2026-10-14,CUST0080,west,PHONES,3,1055.69,0.25
TXN00453,2026-01-09,CUST0470,south,accessories,2,144.38,0.25
TXN00872,2026-03-30,CUST0306,west,ACCESSORIES,8,68.2,0.29
TXN00269,2026-04-18,CUST0073,East,PHONES,3,1017.91,0.09
TXN00134,2026-04-11,CUST0397,EAST,laptops,2,1348.61,0.13
TXN00342,2026-12-08,CUST0466,East,LAPTOPS,1,2085.11,0.02
TXN00891,2026-02-16,CUST0103,EAST,Laptops,4,2063.74,0.11
TXN00046,2026-05-04,CUST0438,north,laptops,6,2382.69,0.22
TXN00284,2026-10-03,CUST0367,North,accessories,1,21.98,0.08
TXN00729,2026-08-14,CUST0244,north,Laptops,9,696.37,0.18
TXN00095,2026-06-10,CUST0117,east,LAPTOPS,7,2168.48,0.23
TXN00053,2026-09-10,CUST0286,SOUTH,LAPTOPS,6,719.63,0.02
TXN00910,2026-05-29,CUST0431,South,LAPTOPS,5,1066.22,0.17
TXN00865,2026-09-09,CUST0189,West,Accessories,8,171.79,0.3
TXN00518,2026-02-22,CUST0203,South,LAPTOPS,2,1375.12,0.18
TXN00645,2026-09-13,CUST0207,EAST,laptops,4,1226.42,0.25
TXN00209,2026-09-06,CUST0342,north,PHONES,7,1041.57,0.12
TXN00352,2026-01-16,CUST0255,WEST,accessories,2,37.0,0.28
TXN00216,2026-06-05,CUST0196,north,LAPTOPS,1,604.7,0.1
TXN00620,2026-09-16,CUST0104,EAST,LAPTOPS,8,1821.16,0.15
TXN00289,2026-03-02,,south,PHONES,,576.98,0.13
TXN00279,2026-06-05,CUST0091,SOUTH,Accessories,,68.77,0.26
TXN00160,2026-10-11,CUST0057,SOUTH,laptops,7,1360.36,0.15
TXN00909,2026-07-13,CUST0201,North,accessories,3,98.27,0.18
TXN00110,2026-01-14,CUST0188,WEST,phones,1,-551.53,0.22
TXN00119,2026-11-28,CUST0029,South,phones,6,306.09,0.07
TXN00271,2026-08-24,,North,PHONES,5,292.44,0.1
TXN00138,2026-10-20,,North,Accessories,1,106.8,0.09
TXN00107,2026-12-08,CUST0106,west,Accessories,2,117.78,0.15
TXN00307,2026-10-02,CUST0326,east,phones,7,875.31,0.24
TXN00813,2026-10-24,CUST0116,WEST,Phones,10,490.67,0.29
TXN00009,2026-06-04,CUST0108,North,LAPTOPS,9,1172.68,0.02
TXN00911,2026-10-08,CUST0129,WEST,accessories,4,91.25,0.14
TXN00627,2026-08-28,CUST0110,East,laptops,3,1754.69,0.25
TXN00310,2026-07-06,CUST0373,NORTH,PHONES,7,784.99,0.16
TXN00557,2026-02-02,CUST0211,east,ACCESSORIES,5,54.67,0.25
TXN00823,2026-03-18,CUST0308,South,Phones,3,492.63,0.07
TXN00709,2026-04-14,CUST0224,East,Phones,8,469.15,0.27
TXN00292,2026-09-06,CUST0091,WEST,laptops,5,771.86,0.01
TXN00379,2026-07-06,CUST0033,East,Laptops,10,2218.17,0.12
TXN00076,2026-09-25,CUST0293,South,LAPTOPS,3,2385.32,0.28
TXN00704,2026-07-19,CUST0414,WEST,accessories,10,103.33,0.25
TXN00358,2026-01-29,CUST0226,South,Phones,4,438.81,0.26
TXN00792,2026-03-16,CUST0244,south,ACCESSORIES,6,80.19,0.29
TXN00680,2026-12-06,CUST0464,SOUTH,phones,1,986.24,0.25
TXN00519,2026-12-17,CUST0159,north,Laptops,5,2333.91,0.21
TXN00905,2026-05-11,CUST0492,south,LAPTOPS,,2232.91,0.29
TXN00551,2026-06-12,CUST0456,EAST,PHONES,5,1228.95,0.13
TXN00076,2026-08-05,CUST0212,East,Accessories,8,61.07,0.1
TXN00103,2026-08-21,CUST0374,east,LAPTOPS,6,1895.96,0.22
TXN00577,2026-06-06,,East,Laptops,8,1781.75,0.06
TXN00637,2026-11-01,CUST0394,North,phones,9,289.46,0.23
TXN00121,2026-05-25,CUST0352,west,Accessories,3,94.78,0.1
TXN00010,2026-01-12,CUST0453,EAST,Phones,7,654.95,0.01
TXN00075,2026-01-26,CUST0102,NORTH,accessories,2,125.28,0.26
TXN00685,2026-09-27,CUST0088,North,Accessories,2,90.49,0.04
TXN00469,2026-05-17,CUST0098,SOUTH,Accessories,4,166.18,0.24
TXN00308,2026-08-03,CUST0422,north,PHONES,4,742.58,0.2
TXN00661,2026-12-17,CUST0231,South,laptops,5,-2083.93,0.11
TXN00135,2026-12-29,CUST0204,EAST,ACCESSORIES,6,10.96,0.21
TXN00006,2026-07-01,CUST0171,north,Accessories,,122.47,0.14
TXN00732,2026-10-14,CUST0344,East,Laptops,5,1006.31,0.29
TXN00245,2026-12-30,CUST0450,North,Laptops,8,857.74,0.03
TXN00716,2026-07-04,CUST0256,South,accessories,1,35.94,0.25
TXN00210,2026-09-09,CUST0224,WEST,Accessories,5,180.53,0.09
TXN00268,2026-08-29,CUST0077,south,laptops,,2205.07,0.05
TXN00130,2026-08-23,CUST0183,east,PHONES,,975.56,0.17
TXN00536,2026-03-28,CUST0105,EAST,ACCESSORIES,2,169.71,0.05
TXN00579,2026-04-03,,WEST,accessories,4,116.02,0.23
TXN00935,2026-03-04,CUST0014,EAST,Accessories,2,55.77,0.29
TXN00674,2026-09-03,CUST0042,west,Accessories,6,121.16,0.21
TXN00430,2026-06-16,CUST0023,NORTH,ACCESSORIES,1,190.49,0.29
TXN00084,2026-11-05,CUST0029,West,laptops,5,2225.56,0.16
TXN00635,2026-07-26,CUST0437,EAST,Accessories,7,84.78,0.12
TXN00041,2026-06-08,CUST0411,NORTH,PHONES,2,1026.81,0.24
TXN00609,2026-10-16,CUST0229,west,laptops,9,1830.04,0.14
TXN00593,2026-06-24,CUST0323,EAST,Accessories,10,152.73,0.01
TXN00944,2026-05-29,CUST0270,NORTH,ACCESSORIES,3,51.6,0.16
TXN00584,2026-05-08,CUST0066,South,ACCESSORIES,5,24.04,0.09
TXN00123,2026-02-18,CUST0263,South,accessories,2,65.14,0.13
TXN00414,2026-12-05,CUST0042,NORTH,ACCESSORIES,6,145.86,0.0
TXN00241,2026-08-21,CUST0449,east,ACCESSORIES,1,158.37,0.09
TXN00692,2026-12-11,CUST0041,North,ACCESSORIES,3,162.49,0.18
TXN00803,2026-12-03,CUST0336,South,LAPTOPS,,-1567.75,0.21
TXN00610,2026-06-04,CUST0494,WEST,ACCESSORIES,6,126.51,0.12
TXN00849,2026-11-29,CUST0097,east,LAPTOPS,1,769.23,0.06
TXN00191,2026-08-05,CUST0155,NORTH,laptops,9,982.56,0.04
TXN00083,2026-05-05,,EAST,Laptops,8,831.21,0.13
TXN00521,2026-08-01,CUST0053,WEST,Phones,1,825.37,0.21
TXN00715,2026-11-10,CUST0205,north,ACCESSORIES,,118.95,0.18
TXN00893,2026-08-02,CUST0284,West,ACCESSORIES,7,144.72,0.27
TXN00869,2026-04-09,,EAST,ACCESSORIES,6,103.01,0.09
TXN00515,2026-12-03,CUST0174,west,ACCESSORIES,10,92.24,0.26
TXN00489,2026-07-04,CUST0427,east,ACCESSORIES,7,176.8,0.2
TXN00938,2026-09-09,CUST0067,east,ACCESSORIES,2,127.15,0.05
TXN00749,2026-05-14,CUST0025,South,LAPTOPS,4,2385.11,0.11
TXN00059,2026-04-27,CUST0033,NORTH,phones,,373.47,0.03
TXN00322,2026-05-17,,south,LAPTOPS,6,947.19,0.26
TXN00901,2026-02-26,CUST0475,north,laptops,2,2246.39,0.24
TXN00556,2026-03-02,CUST0022,North,LAPTOPS,2,1718.31,0.05
TXN00594,2026-11-28,CUST0256,west,Phones,8,371.74,0.03
TXN00857,2026-08-31,CUST0213,west,phones,4,1100.08,0.0
TXN00223,2026-03-19,CUST0213,WEST,phones,6,754.53,0.2
TXN00304,2026-09-22,CUST0210,South,accessories,7,158.57,0.29
TXN00762,2026-03-26,CUST0044,East,phones,9,685.84,0.12
TXN00159,2026-12-05,CUST0030,East,Accessories,3,-83.72,0.29
TXN00499,2026-01-05,CUST0370,WEST,accessories,9,88.67,0.27
TXN00678,2026-11-13,CUST0106,south,PHONES,7,870.44,0.19
TXN00570,2026-06-21,CUST0452,north,ACCESSORIES,7,74.6,0.01
TXN00714,2026-06-09,CUST0146,north,Accessories,9,145.59,0.15
TXN00778,2026-06-05,CUST0277,west,accessories,1,152.84,0.07
TXN00293,2026-11-30,CUST0260,south,Accessories,6,29.98,0.01
TXN00466,2026-10-17,CUST0121,SOUTH,LAPTOPS,8,1094.92,0.3
TXN00839,2026-02-23,CUST0366,North,accessories,10,53.43,0.22
TXN00400,2026-02-11,CUST0076,south,phones,6,839.61,0.25
TXN00003,2026-10-14,CUST0190,East,LAPTOPS,4,1348.77,0.12
TXN00146,2026-08-02,CUST0353,South,accessories,7,174.68,0.15
TXN00169,2026-12-22,CUST0361,east,laptops,8,1510.57,0.16
TXN00805,2026-02-26,CUST0488,SOUTH,Phones,9,719.69,0.26
TXN00040,2026-09-06,CUST0157,west,LAPTOPS,3,1642.53,0.09
TXN00219,2026-09-08,CUST0157,east,Laptops,1,783.28,0.06
TXN00493,2026-06-22,CUST0294,EAST,Laptops,1,1594.07,0.14
TXN00162,2026-12-08,CUST0259,SOUTH,Accessories,3,167.55,0.23
TXN00846,2026-06-23,CUST0210,east,ACCESSORIES,10,173.61,0.27
TXN00171,2026-11-19,CUST0444,East,accessories,5,191.04,0.01
TXN00243,2026-10-19,CUST0317,south,PHONES,2,908.68,0.23
TXN00096,2026-05-21,CUST0480,West,accessories,1,151.61,0.29
TXN00016,2026-10-29,CUST0414,West,Phones,10,1111.66,0.1
TXN00554,2026-05-12,CUST0013,SOUTH,Laptops,7,-2222.95,0.1
TXN00668,2026-07-28,CUST0131,EAST,LAPTOPS,5,2458.57,0.05
TXN00052,2026-07-31,CUST0153,East,laptops,1,1727.95,0.1
TXN00770,2026-09-10,CUST0123,WEST,phones,,612.06,0.18
TXN00564,2026-07-28,CUST0284,south,accessories,1,82.16,0.15
TXN00454,2026-10-18,CUST0285,East,Phones,2,495.08,0.04
TXN00078,2026-05-06,CUST0073,SOUTH,Accessories,4,24.94,0.3
TXN00256,2026-12-01,CUST0238,South,accessories,,191.66,0.19
TXN00108,2026-11-20,CUST0430,East,laptops,5,619.35,0.3
TXN00797,2026-12-24,CUST0289,North,Phones,3,1123.75,0.03
TXN00188,2026-12-16,CUST0259,east,LAPTOPS,7,1949.15,0.1
TXN00918,2026-08-24,CUST0340,NORTH,phones,8,486.5,0.1
TXN00144,2026-07-31,CUST0003,East,phones,1,1204.42,0.2
TXN00460,2026-01-16,CUST0449,north,accessories,9,142.63,0.02
TXN00902,2026-12-23,CUST0184,NORTH,ACCESSORIES,7,32.45,0.25
TXN00784,2026-12-30,,EAST,Laptops,,1424.39,0.08
TXN00197,2026-07-05,CUST0114,West,phones,5,297.96,0.15
TXN00255,2026-02-26,CUST0101,WEST,Laptops,10,1484.68,0.19
TXN00112,2026-03-31,CUST0290,North,PHONES,4,749.36,0.18
TXN00348,2026-05-21,CUST0439,North,LAPTOPS,5,755.49,0.16
TXN00746,2026-08-07,CUST0349,NORTH,Phones,9,224.43,0.14
TXN00413,2026-01-23,CUST0266,west,Laptops,5,1364.1,0.11
TXN00063,2026-10-20,CUST0201,East,Phones,8,504.73,0.02
TXN00101,2026-11-17,CUST0101,north,Laptops,2,950.26,0.09
TXN00662,2026-02-25,CUST0479,East,LAPTOPS,10,1458.93,0.08
TXN00670,2026-11-14,CUST0122,West,ACCESSORIES,6,191.17,0.23
TXN00690,2026-12-22,,EAST,ACCESSORIES,2,127.82,0.09
TXN00056,2026-01-29,CUST0321,east,LAPTOPS,1,623.0,0.03
TXN00111,2026-12-04,CUST0211,East,accessories,2,65.03,0.18
TXN00479,2026-01-14,CUST0174,SOUTH,Laptops,10,1266.84,0.2
TXN00421,2026-04-10,CUST0366,south,ACCESSORIES,,71.36,0.24
TXN00850,2026-01-23,CUST0228,NORTH,laptops,8,1516.8,0.04
TXN00363,2026-08-29,CUST0454,east,Laptops,6,1122.33,0.04
TXN00442,2026-09-17,CUST0337,North,PHONES,1,576.19,0.02
TXN00675,2026-12-08,CUST0104,East,accessories,4,89.19,0.1
TXN00100,2026-08-03,CUST0290,north,ACCESSORIES,6,140.45,0.18
TXN00097,2026-04-28,,east,phones,1,314.33,0.07
TXN00195,2026-01-04,CUST0193,North,ACCESSORIES,6,49.5,0.06
TXN00417,2026-07-04,CUST0226,East,phones,2,-280.1,0.18
TXN00899,2026-05-06,CUST0369,East,Laptops,4,897.25,0.25
TXN00249,2026-02-26,CUST0347,West,laptops,,541.98,0.2
TXN00485,2026-11-16,CUST0482,West,phones,6,534.58,0.24
TXN00591,2026-06-12,CUST0099,north,Accessories,3,21.42,0.21
TXN00585,2026-06-17,CUST0438,NORTH,Accessories,10,55.46,0.24
TXN00741,2026-02-11,CUST0496,East,Phones,3,891.41,0.15
TXN00136,2026-09-23,CUST0331,NORTH,ACCESSORIES,7,125.83,0.11
TXN00834,2026-11-23,CUST0254,east,ACCESSORIES,8,70.15,0.17
TXN00220,2026-03-22,CUST0157,West,Laptops,4,938.05,0.11
TXN00851,2026-08-27,CUST0266,WEST,phones,2,804.61,0.18
TXN00686,2026-01-13,CUST0412,North,accessories,7,72.91,0.08
TXN00286,2026-11-26,CUST0151,SOUTH,laptops,6,966.58,0.15
TXN00244,2026-06-18,CUST0280,WEST,LAPTOPS,2,2352.21,0.06
TXN00527,2026-10-06,CUST0310,WEST,PHONES,5,1018.73,0.3
TXN00808,2026-12-02,CUST0207,East,PHONES,6,1046.08,0.25
TXN00339,2026-08-31,CUST0117,SOUTH,Laptops,3,1807.18,0.22
TXN00045,2026-04-07,CUST0237,south,Phones,8,844.7,0.03
TXN00070,2026-01-05,CUST0072,north,Accessories,,88.36,0.04
TXN00162,2026-10-03,CUST0386,NORTH,ACCESSORIES,7,167.52,0.23
TXN00061,2026-10-18,CUST0079,west,PHONES,1,844.65,0.3
TXN00647,2026-08-20,CUST0244,South,Accessories,9,47.8,0.17
TXN00725,2026-04-12,CUST0353,EAST,PHONES,,387.57,0.01
TXN00073,2026-06-17,CUST0030,South,LAPTOPS,9,1066.64,0.0
TXN00008,2026-04-16,CUST0381,South,Accessories,9,38.84,0.29
TXN00226,2026-09-15,CUST0295,West,laptops,8,1118.51,0.18
TXN00814,2026-06-18,CUST0205,WEST,ACCESSORIES,8,47.32,0.07
TXN00236,2026-12-31,CUST0452,SOUTH,ACCESSORIES,2,-96.91,0.1
TXN00568,2026-08-23,CUST0092,South,PHONES,3,873.33,0.22
TXN00603,2026-05-21,CUST0023,NORTH,Accessories,7,43.85,0.26
TXN00022,2026-07-08,CUST0211,WEST,accessories,4,135.66,0.17
TXN00347,2026-01-14,CUST0130,EAST,LAPTOPS,7,1507.79,0.01
TXN00916,2026-01-06,CUST0205,NORTH,LAPTOPS,7,1887.97,0.12
TXN00231,2026-08-13,CUST0035,EAST,PHONES,8,979.01,0.2
TXN00254,2026-10-01,CUST0311,SOUTH,laptops,3,2139.85,0.09
TXN00124,2026-12-12,CUST0184,east,Accessories,5,23.74,0.21
TXN00463,2026-12-20,CUST0367,West,accessories,9,92.99,0.03
TXN00530,2026-04-13,CUST0476,SOUTH,PHONES,7,-256.66,0.27
TXN00449,2026-02-19,CUST0349,East,LAPTOPS,6,1342.37,0.07
TXN00874,2026-04-17,CUST0166,north,laptops,2,833.09,0.06
TXN00666,2026-06-11,CUST0166,South,accessories,4,187.4,0.12
TXN00688,2026-07-30,,South,Laptops,5,924.54,0.27
TXN00934,2026-02-18,CUST0473,North,PHONES,9,748.53,0.05
TXN00320,2026-12-08,CUST0326,NORTH,phones,3,964.95,0.21
TXN00731,2026-10-28,CUST0262,EAST,ACCESSORIES,10,72.67,0.07
TXN00206,2026-02-10,CUST0378,West,Laptops,2,541.43,0.07
TXN00707,2026-11-03,,east,Laptops,3,1248.05,0.28
TXN00748,2026-08-01,,north,ACCESSORIES,6,175.69,0.24
TXN00927,2026-05-08,CUST0277,East,PHONES,6,450.91,0.28
TXN00871,2026-04-09,CUST0004,North,Phones,3,1158.98,0.15
TXN00044,2026-04-15,CUST0304,NORTH,Laptops,3,2483.03,0.24
TXN00434,2026-05-08,CUST0102,south,Phones,5,284.98,0.05
TXN00622,2026-07-04,CUST0401,WEST,PHONES,4,833.06,0.29
TXN00541,2026-09-04,CUST0222,South,Accessories,9,40.88,0.25
TXN00946,2026-07-14,CUST0079,South,Laptops,5,1353.79,0.05
TXN00170,2026-03-21,CUST0171,WEST,ACCESSORIES,10,95.18,0.14
TXN00563,2026-07-11,CUST0474,East,Phones,6,213.12,0.12
TXN00487,2026-10-17,CUST0020,SOUTH,Accessories,2,67.48,0.04
TXN00676,2026-01-30,CUST0251,West,laptops,6,2024.9,0.11
TXN00132,2026-12-24,CUST0186,South,Accessories,1,148.78,0.2
TXN00129,2026-03-24,CUST0309,WEST,laptops,3,1709.87,0.2
TXN00785,2026-04-07,CUST0301,EAST,Laptops,7,2040.94,0.02
TXN00546,2026-06-07,CUST0273,east,Accessories,5,166.65,0.11
TXN00779,2026-04-18,CUST0177,north,Accessories,10,174.19,0.08
TXN00071,2026-08-02,CUST0036,north,Accessories,,67.54,0.13
TXN00836,2026-02-26,CUST0102,north,PHONES,3,673.04,0.15
TXN00498,2026-07-29,CUST0415,North,ACCESSORIES,1,163.73,0.08
TXN00750,2026-06-25,CUST0044,NORTH,ACCESSORIES,3,182.46,0.08
TXN00088,2026-10-26,CUST0137,North,Laptops,,968.56,0.0
TXN00081,2026-08-31,CUST0493,EAST,Laptops,7,921.14,0.28
TXN00085,2026-07-24,CUST0419,North,phones,6,671.4,0.11
TXN00247,2026-03-13,CUST0002,North,Accessories,6,19.88,0.21
TXN00060,2026-09-21,CUST0317,North,Laptops,4,744.79,0.26
TXN00246,2026-06-16,CUST0185,NORTH,Accessories,,44.71,0.29
TXN00315,2026-09-01,CUST0179,West,ACCESSORIES,10,124.28,0.28
TXN00827,2026-09-16,CUST0449,north,LAPTOPS,3,1268.72,0.26
TXN00852,2026-03-01,CUST0240,east,Laptops,9,1494.85,0.13
TXN00372,2026-01-15,CUST0338,NORTH,ACCESSORIES,3,111.73,0.03
TXN00896,2026-03-05,CUST0341,west,laptops,4,2304.3,0.27
TXN00020,2026-02-03,CUST0478,south,laptops,6,1766.1,0.28
TXN00501,2026-04-30,CUST0402,South,phones,7,1200.18,0.26
TXN00332,2026-03-01,CUST0304,WEST,Phones,2,326.26,0.22
TXN00614,2026-07-18,CUST0160,east,phones,10,1137.66,0.16
TXN00001,2026-01-05,CUST0309,west,Accessories,3,155.54,0.03
TXN00544,2026-05-26,CUST0256,SOUTH,accessories,5,69.03,0.04
TXN00798,2026-05-21,CUST0159,north,laptops,1,1829.7,0.21
TXN00553,2026-04-18,CUST0415,NORTH,ACCESSORIES,,166.45,0.25
TXN00166,2026-12-04,CUST0373,north,Phones,3,1008.3,0.3
TXN00886,2026-05-25,CUST0388,East,laptops,8,1594.89,0.02
TXN00383,2026-01-28,CUST0068,north,PHONES,9,1214.37,0.24
TXN00923,2026-04-11,CUST0150,SOUTH,PHONES,8,919.1,0.06
TXN00204,2026-01-29,CUST0219,west,Laptops,3,1950.92,0.05
TXN00116,2026-03-18,CUST0264,west,LAPTOPS,1,2447.32,0.18
TXN00884,2026-07-12,CUST0306,West,Accessories,8,15.46,0.2
TXN00655,2026-02-12,CUST0228,SOUTH,LAPTOPS,5,2228.79,0.04
TXN00862,2026-12-22,CUST0294,SOUTH,LAPTOPS,,1781.82,0.14
TXN00306,2026-10-03,CUST0065,North,LAPTOPS,7,861.19,0.02
TXN00641,2026-09-23,CUST0402,South,laptops,9,-2124.74,0.15
TXN00109,2026-12-22,CUST0460,north,accessories,4,164.58,0.26
TXN00520,2026-10-15,CUST0295,East,laptops,,1608.44,0.05
TXN00183,2026-12-03,CUST0279,East,PHONES,5,292.07,0.29
TXN00781,2026-10-23,CUST0151,West,Laptops,9,1100.2,0.13
TXN00513,2026-01-23,CUST0262,north,ACCESSORIES,6,68.46,0.03
TXN00940,2026-05-23,CUST0309,East,Phones,4,405.88,0.18
TXN00737,2026-02-12,CUST0333,north,laptops,5,1743.63,0.12
TXN00740,2026-12-23,CUST0323,NORTH,PHONES,9,666.88,0.3
TXN00004,2026-08-11,CUST0215,north,Phones,9,608.36,0.09
TXN00465,2026-06-18,CUST0057,East,Accessories,5,192.16,0.12
TXN00162,2026-04-24,CUST0116,west,LAPTOPS,3,2317.49,0.03
TXN00446,2026-02-18,CUST0157,EAST,Accessories,9,157.72,0.24
TXN00301,2026-07-19,CUST0051,west,accessories,9,142.09,0.05
TXN00115,2026-03-07,CUST0452,west,laptops,9,2111.17,0.14
TXN00349,2026-11-24,CUST0291,East,PHONES,3,954.32,0.02
TXN00657,2026-08-28,CUST0094,north,phones,7,1054.28,0.11
TXN00788,2026-06-10,CUST0440,WEST,accessories,4,61.41,0.09
TXN00047,2026-09-10,CUST0030,NORTH,LAPTOPS,2,657.95,0.09
TXN00769,2026-09-30,CUST0264,South,Laptops,3,1853.07,0.2
TXN00550,2026-12-05,CUST0360,South,LAPTOPS,1,526.8,0.1
TXN00699,2026-03-31,CUST0452,NORTH,accessories,3,124.75,0.27
TXN00118,2026-06-23,CUST0195,west,LAPTOPS,1,2177.82,0.29
TXN00739,2026-11-20,CUST0151,south,Phones,5,1134.85,0.0
TXN00919,2026-09-07,CUST0019,West,Accessories,9,184.38,0.27
TXN00012,2026-07-25,CUST0003,west,Laptops,5,510.78,0.22
TXN00925,2026-09-07,CUST0461,East,phones,2,310.47,0.04
TXN00567,2026-10-02,CUST0154,east,Laptops,8,2037.9,0.27
TXN00258,2026-12-30,CUST0182,EAST,PHONES,8,1287.31,0.0
TXN00542,2026-04-12,CUST0170,EAST,Phones,7,407.52,0.05
TXN00480,2026-07-24,CUST0410,NORTH,ACCESSORIES,8,195.76,0.04
TXN00917,2026-03-21,CUST0491,north,accessories,7,184.48,0.01
TXN00391,2026-01-05,CUST0176,south,phones,1,214.01,0.18
TXN00395,2026-05-24,CUST0079,SOUTH,Accessories,7,64.0,0.06
TXN00066,2026-09-15,CUST0362,WEST,LAPTOPS,7,2487.51,0.03
TXN00611,2026-04-09,CUST0068,West,laptops,3,2484.1,0.08
TXN00433,2026-04-29,CUST0269,South,laptops,1,534.32,0.19
TXN00697,2026-06-29,CUST0156,west,Phones,7,667.68,0.11
TXN00812,2026-08-30,CUST0339,West,Accessories,,69.77,0.06
TXN00164,2026-12-16,CUST0156,North,PHONES,8,309.84,0.2
TXN00643,2026-11-29,CUST0302,east,accessories,6,71.93,0.11
TXN00157,2026-12-02,CUST0381,West,PHONES,2,841.76,0.01
TXN00113,2026-04-14,CUST0317,West,Phones,2,974.13,0.22
TXN00882,2026-10-14,CUST0130,north,accessories,7,38.2,0.23
TXN00049,2026-01-12,CUST0215,west,phones,7,692.33,0.29
TXN00774,2026-04-08,CUST0290,North,laptops,,1047.3,0.29
TXN00094,2026-07-19,CUST0385,SOUTH,Accessories,2,139.09,0.17
TXN00506,2026-09-20,CUST0304,North,Accessories,3,60.58,0.26
TXN00522,2026-03-29,CUST0152,south,ACCESSORIES,5,143.47,0.17
TXN00142,2026-01-27,CUST0143,East,Phones,3,785.92,0.08
TXN00068,2026-12-28,CUST0498,West,Phones,6,-787.05,0.02
TXN00371,2026-07-02,CUST0030,WEST,accessories,10,146.2,0.0
TXN00409,2026-02-24,CUST0445,north,Phones,1,1260.75,0.23
TXN00598,2026-04-15,CUST0419,NORTH,Accessories,10,57.9,0.1
TXN00920,2026-08-24,CUST0462,east,Accessories,7,93.75,0.15
TXN00439,2026-07-21,CUST0011,east,laptops,3,876.72,0.27
TXN00599,2026-03-12,CUST0497,EAST,Phones,8,356.87,0.22
TXN00765,2026-03-09,CUST0391,North,Laptops,2,698.46,0.28
TXN00270,2026-10-05,,EAST,Phones,,493.42,0.24
TXN00552,2026-03-21,CUST0418,north,phones,10,292.46,0.1
TXN00575,2026-02-22,,East,Phones,9,796.88,0.16
TXN00763,2026-04-26,CUST0198,South,accessories,1,35.95,0.2
TXN00253,2026-05-25,CUST0057,NORTH,Accessories,2,177.0,0.29
TXN00143,2026-06-21,CUST0310,EAST,phones,2,876.27,0.13
TXN00272,2026-09-13,CUST0147,NORTH,laptops,5,1349.49,0.03
TXN00147,2026-12-02,CUST0442,WEST,phones,2,1090.79,0.04
TXN00470,2026-05-23,CUST0058,west,laptops,8,794.56,0.29
TXN00659,2026-07-31,CUST0254,EAST,laptops,7,1145.11,0.21
TXN00937,2026-09-30,CUST0282,east,phones,4,1081.36,0.16
TXN00906,2026-12-26,CUST0398,West,accessories,7,82.08,0.22
TXN00406,2026-01-31,CUST0243,West,LAPTOPS,1,1222.42,0.28
TXN00512,2026-08-04,CUST0074,west,phones,3,1132.63,0.17
TXN00672,2026-01-14,CUST0357,West,Phones,3,1109.6,0.11
TXN00218,2026-03-17,CUST0429,west,Accessories,10,19.28,0.05
TXN00323,2026-03-13,CUST0214,east,phones,10,285.89,0.05
TXN00736,2026-03-21,CUST0331,north,accessories,6,189.27,0.09
TXN00898,2026-08-21,CUST0203,NORTH,Laptops,9,563.24,0.2
TXN00581,2026-02-17,CUST0117,north,accessories,9,166.61,0.05
TXN00936,2026-10-14,CUST0029,South,accessories,4,194.81,0.06
TXN00217,2026-08-06,CUST0085,north,LAPTOPS,7,1435.87,0.11
TXN00068,2026-10-05,,WEST,Phones,10,318.24,0.08
TXN00275,2026-05-18,CUST0104,EAST,LAPTOPS,5,-922.82,0.01
TXN00411,2026-07-02,CUST0162,North,LAPTOPS,,1628.59,0.09
TXN00324,2026-06-19,CUST0499,South,PHONES,7,749.24,0.2
TXN00825,2026-01-20,CUST0408,north,Accessories,,104.68,0.18
TXN00033,2026-12-01,CUST0119,east,PHONES,2,365.69,0.24
TXN00842,2026-06-24,CUST0312,north,laptops,9,821.09,0.28
TXN00235,2026-04-17,CUST0365,east,ACCESSORIES,,73.41,0.12
TXN00058,2026-02-14,CUST0074,east,LAPTOPS,2,1632.8,0.09
TXN00795,2026-02-06,CUST0144,EAST,ACCESSORIES,5,95.41,0.11
TXN00787,2026-03-13,CUST0391,north,laptops,8,2042.88,0.2
TXN00864,2026-08-14,CUST0439,North,LAPTOPS,5,1475.52,0.2
TXN00333,2026-12-16,CUST0212,south,phones,6,1128.32,0.08
TXN00702,2026-05-29,,North,Laptops,4,2453.86,0.26
TXN00225,2026-08-28,CUST0237,east,Accessories,4,117.33,0.1
TXN00571,2026-07-25,CUST0473,SOUTH,accessories,2,29.73,0.13
TXN00705,2026-01-20,CUST0380,EAST,phones,8,548.01,0.08
TXN00656,2026-02-01,CUST0017,east,accessories,4,189.22,0.23
TXN00948,2026-05-10,CUST0488,South,phones,4,1275.42,0.13
TXN00277,2026-04-20,CUST0365,EAST,laptops,2,782.48,0.13
TXN00389,2026-08-03,CUST0386,east,PHONES,7,1112.6,0.06
TXN00474,2026-10-15,CUST0355,SOUTH,ACCESSORIES,7,110.75,0.25
TXN00168,2026-06-12,CUST0422,EAST,Phones,3,994.0,0.22
TXN00251,2026-05-15,CUST0059,east,Laptops,8,2292.0,0.2
TXN00747,2026-04-22,CUST0328,north,accessories,3,9.7,0.03
TXN00547,2026-12-14,CUST0179,South,Phones,10,965.09,0.06
TXN00176,2026-08-22,CUST0445,west,Laptops,5,-2126.56,0.15
TXN00651,2026-08-23,CUST0392,South,Accessories,7,75.83,0.28
TXN00624,2026-08-12,CUST0146,west,Accessories,9,42.61,0.21
TXN00074,2026-01-09,CUST0413,north,PHONES,2,881.41,0.03
TXN00664,2026-12-08,CUST0228,EAST,Accessories,9,103.32,0.24
TXN00700,2026-06-29,CUST0101,South,PHONES,9,432.06,0.29
TXN00006,2026-05-18,CUST0192,South,ACCESSORIES,,181.52,0.15
TXN00719,2026-01-08,CUST0003,WEST,PHONES,7,1121.33,0.12
TXN00274,2026-10-20,CUST0308,east,Laptops,9,2080.02,0.05
TXN00687,2026-08-08,CUST0425,West,Accessories,10,114.59,0.28
TXN00215,2026-12-30,CUST0265,NORTH,laptops,7,1279.82,0.07
TXN00364,2026-03-23,CUST0322,south,laptops,7,735.75,0.25
TXN00380,2026-10-06,CUST0304,West,phones,1,-301.58,0.19
